[
{
    "pk": 1, 
    "model": "contenttypes.contenttype", 
    "fields": {
        "model": "logentry", 
        "name": "log entry", 
        "app_label": "admin"
    }
},
{
    "pk": 2, 
    "model": "contenttypes.contenttype", 
    "fields": {
        "model": "permission", 
        "name": "permission", 
        "app_label": "auth"
    }
},
{
    "pk": 3, 
    "model": "contenttypes.contenttype", 
    "fields": {
        "model": "group", 
        "name": "group", 
        "app_label": "auth"
    }
},
{
    "pk": 4, 
    "model": "contenttypes.contenttype", 
    "fields": {
        "model": "user", 
        "name": "user", 
        "app_label": "auth"
    }
},
{
    "pk": 5, 
    "model": "contenttypes.contenttype", 
    "fields": {
        "model": "contenttype", 
        "name": "content type", 
        "app_label": "contenttypes"
    }
},
{
    "pk": 6, 
    "model": "contenttypes.contenttype", 
    "fields": {
        "model": "session", 
        "name": "session", 
        "app_label": "sessions"
    }
},
{
    "pk": 7, 
    "model": "contenttypes.contenttype", 
    "fields": {
        "model": "article", 
        "name": "article", 
        "app_label": "article"
    }
},
{
    "pk": 9, 
    "model": "contenttypes.contenttype", 
    "fields": {
        "model": "pet", 
        "name": "pet", 
        "app_label": "Cachapon"
    }
},
{
    "pk": 10, 
    "model": "contenttypes.contenttype", 
    "fields": {
        "model": "skill", 
        "name": "skill", 
        "app_label": "Cachapon"
    }
},
{
    "pk": 11, 
    "model": "contenttypes.contenttype", 
    "fields": {
        "model": "record", 
        "name": "record", 
        "app_label": "Cachapon"
    }
},
{
    "pk": 13, 
    "model": "contenttypes.contenttype", 
    "fields": {
        "model": "prize", 
        "name": "prize", 
        "app_label": "Cachapon"
    }
},
{
    "pk": 14, 
    "model": "contenttypes.contenttype", 
    "fields": {
        "model": "profile", 
        "name": "profile", 
        "app_label": "Cachapon"
    }
},
{
    "pk": "1xcb317f989yiwzy6wphp2iucjau1nja", 
    "model": "sessions.session", 
    "fields": {
        "expire_date": "2014-06-14T12:55:41.025Z", 
        "session_data": "NTc5OGRhOTZhNDcyZWM4MjhhMzBlNDRiZjcxOGNjYmJmNTBmNjRhNDp7Il9hdXRoX3VzZXJfYmFja2VuZCI6ImRqYW5nby5jb250cmliLmF1dGguYmFja2VuZHMuTW9kZWxCYWNrZW5kIiwiX2F1dGhfdXNlcl9pZCI6Nn0="
    }
},
{
    "pk": "259jt7h34cah0ms7bonetcec6q21wl2o", 
    "model": "sessions.session", 
    "fields": {
        "expire_date": "2014-06-24T07:24:11.499Z", 
        "session_data": "MWZiNDU1NzRkZWRkYzE0ZmY5MzYxOGQwZmYxOTQwZTdjY2I1MmFjYzp7fQ=="
    }
},
{
    "pk": "36aiuwi8i8oq0xzt0q8xs7z5vfenjowl", 
    "model": "sessions.session", 
    "fields": {
        "expire_date": "2014-05-23T02:40:43.567Z", 
        "session_data": "MWZiNDU1NzRkZWRkYzE0ZmY5MzYxOGQwZmYxOTQwZTdjY2I1MmFjYzp7fQ=="
    }
},
{
    "pk": "4uhz1a54awuciwk9e5wiz3bfkf3cn73q", 
    "model": "sessions.session", 
    "fields": {
        "expire_date": "2014-06-26T12:12:57.257Z", 
        "session_data": "ODM3OTQyOTY1Y2VjYjhiZjFiMzM4OGI3NmI3MjFlZWMzZjFjY2Y1Yjp7Il9hdXRoX3VzZXJfYmFja2VuZCI6ImRqYW5nby5jb250cmliLmF1dGguYmFja2VuZHMuTW9kZWxCYWNrZW5kIiwiX2F1dGhfdXNlcl9pZCI6Mn0="
    }
},
{
    "pk": "6710ffizi7cfz7ikfjcli5w1go4pxejn", 
    "model": "sessions.session", 
    "fields": {
        "expire_date": "2014-05-22T12:42:42.102Z", 
        "session_data": "MWZiNDU1NzRkZWRkYzE0ZmY5MzYxOGQwZmYxOTQwZTdjY2I1MmFjYzp7fQ=="
    }
},
{
    "pk": "6j5ho27z1v7cbogedxx81w3x1jvtvn14", 
    "model": "sessions.session", 
    "fields": {
        "expire_date": "2014-06-24T14:04:43.769Z", 
        "session_data": "MWZiNDU1NzRkZWRkYzE0ZmY5MzYxOGQwZmYxOTQwZTdjY2I1MmFjYzp7fQ=="
    }
},
{
    "pk": "81rozxyrov3ou081pm9ke7hzd53hl7e3", 
    "model": "sessions.session", 
    "fields": {
        "expire_date": "2014-05-23T00:04:24.824Z", 
        "session_data": "MWZiNDU1NzRkZWRkYzE0ZmY5MzYxOGQwZmYxOTQwZTdjY2I1MmFjYzp7fQ=="
    }
},
{
    "pk": "85xt07p5cy9eh8a55rhe9lf4e9vpzfx8", 
    "model": "sessions.session", 
    "fields": {
        "expire_date": "2014-05-22T23:46:00.552Z", 
        "session_data": "YWQ3NzNjMjYxZTBkZDM5NTU1MjQ0NWI2ZDMzODFjYjg4MmExZTg0NDp7Il9hdXRoX3VzZXJfYmFja2VuZCI6ImRqYW5nby5jb250cmliLmF1dGguYmFja2VuZHMuTW9kZWxCYWNrZW5kIiwiX2F1dGhfdXNlcl9pZCI6M30="
    }
},
{
    "pk": "8b4mzbok3mzocsjq1mfqobdyrvlwi9gd", 
    "model": "sessions.session", 
    "fields": {
        "expire_date": "2014-06-25T03:49:02.290Z", 
        "session_data": "ODM3OTQyOTY1Y2VjYjhiZjFiMzM4OGI3NmI3MjFlZWMzZjFjY2Y1Yjp7Il9hdXRoX3VzZXJfYmFja2VuZCI6ImRqYW5nby5jb250cmliLmF1dGguYmFja2VuZHMuTW9kZWxCYWNrZW5kIiwiX2F1dGhfdXNlcl9pZCI6Mn0="
    }
},
{
    "pk": "8z8iz8kuxnjilp8lp321272jh583m66b", 
    "model": "sessions.session", 
    "fields": {
        "expire_date": "2014-05-22T12:29:13.752Z", 
        "session_data": "MWZiNDU1NzRkZWRkYzE0ZmY5MzYxOGQwZmYxOTQwZTdjY2I1MmFjYzp7fQ=="
    }
},
{
    "pk": "9jf9vj1cfm2g476bh86ffwn3e77nhd67", 
    "model": "sessions.session", 
    "fields": {
        "expire_date": "2014-06-26T09:05:49.293Z", 
        "session_data": "ODM3OTQyOTY1Y2VjYjhiZjFiMzM4OGI3NmI3MjFlZWMzZjFjY2Y1Yjp7Il9hdXRoX3VzZXJfYmFja2VuZCI6ImRqYW5nby5jb250cmliLmF1dGguYmFja2VuZHMuTW9kZWxCYWNrZW5kIiwiX2F1dGhfdXNlcl9pZCI6Mn0="
    }
},
{
    "pk": "bmzftqsdf6lnzxw3nwk7cse5eokbxlgs", 
    "model": "sessions.session", 
    "fields": {
        "expire_date": "2014-06-14T05:29:19.157Z", 
        "session_data": "ODM3OTQyOTY1Y2VjYjhiZjFiMzM4OGI3NmI3MjFlZWMzZjFjY2Y1Yjp7Il9hdXRoX3VzZXJfYmFja2VuZCI6ImRqYW5nby5jb250cmliLmF1dGguYmFja2VuZHMuTW9kZWxCYWNrZW5kIiwiX2F1dGhfdXNlcl9pZCI6Mn0="
    }
},
{
    "pk": "bykyvz59a3tqrtsnc9grcgrj307ye8g4", 
    "model": "sessions.session", 
    "fields": {
        "expire_date": "2014-06-14T09:26:29.288Z", 
        "session_data": "NTc5OGRhOTZhNDcyZWM4MjhhMzBlNDRiZjcxOGNjYmJmNTBmNjRhNDp7Il9hdXRoX3VzZXJfYmFja2VuZCI6ImRqYW5nby5jb250cmliLmF1dGguYmFja2VuZHMuTW9kZWxCYWNrZW5kIiwiX2F1dGhfdXNlcl9pZCI6Nn0="
    }
},
{
    "pk": "c59ypo35tvng9i76g37m03nq1lk7yqad", 
    "model": "sessions.session", 
    "fields": {
        "expire_date": "2014-06-26T02:21:15.044Z", 
        "session_data": "NTc5OGRhOTZhNDcyZWM4MjhhMzBlNDRiZjcxOGNjYmJmNTBmNjRhNDp7Il9hdXRoX3VzZXJfYmFja2VuZCI6ImRqYW5nby5jb250cmliLmF1dGguYmFja2VuZHMuTW9kZWxCYWNrZW5kIiwiX2F1dGhfdXNlcl9pZCI6Nn0="
    }
},
{
    "pk": "c8fm2lwggsld8mxi5alk11khnxp5xg3p", 
    "model": "sessions.session", 
    "fields": {
        "expire_date": "2014-05-22T23:44:12.210Z", 
        "session_data": "MWZiNDU1NzRkZWRkYzE0ZmY5MzYxOGQwZmYxOTQwZTdjY2I1MmFjYzp7fQ=="
    }
},
{
    "pk": "efp8w7c15f4edgo8dy7d8qwp5ehsyojk", 
    "model": "sessions.session", 
    "fields": {
        "expire_date": "2014-05-22T12:40:54.589Z", 
        "session_data": "MWZiNDU1NzRkZWRkYzE0ZmY5MzYxOGQwZmYxOTQwZTdjY2I1MmFjYzp7fQ=="
    }
},
{
    "pk": "evcyg3ub858ergf7bjdls78cd7d4jow2", 
    "model": "sessions.session", 
    "fields": {
        "expire_date": "2014-05-22T12:52:07.137Z", 
        "session_data": "MWZiNDU1NzRkZWRkYzE0ZmY5MzYxOGQwZmYxOTQwZTdjY2I1MmFjYzp7fQ=="
    }
},
{
    "pk": "ib1z01t0oww628qo5qm6fakljwoperyq", 
    "model": "sessions.session", 
    "fields": {
        "expire_date": "2014-05-25T14:06:48.367Z", 
        "session_data": "OWY1ZDJiM2RkZWViNGI5MDIxZTFkZWNhNTgwMTIxZGRmOTZjM2UwNjp7Il9hdXRoX3VzZXJfYmFja2VuZCI6ImRqYW5nby5jb250cmliLmF1dGguYmFja2VuZHMuTW9kZWxCYWNrZW5kIiwiX2F1dGhfdXNlcl9pZCI6NH0="
    }
},
{
    "pk": "jocc0gvcfe75kgjjjwh3g77prwgroaab", 
    "model": "sessions.session", 
    "fields": {
        "expire_date": "2014-05-22T23:42:54.679Z", 
        "session_data": "MWZiNDU1NzRkZWRkYzE0ZmY5MzYxOGQwZmYxOTQwZTdjY2I1MmFjYzp7fQ=="
    }
},
{
    "pk": "kufz1adxkwppsdc0ehfjbd09rkxkuze6", 
    "model": "sessions.session", 
    "fields": {
        "expire_date": "2014-05-20T03:20:39.134Z", 
        "session_data": "NDg2NzY2ZGRiYmQxMjMwMzRmMWJiZDYzMzk5YjhkODlkM2U3YjI1NDp7fQ=="
    }
},
{
    "pk": "ma6nyv99t0ee0rlofz98goj6ivj2h4np", 
    "model": "sessions.session", 
    "fields": {
        "expire_date": "2014-06-20T04:38:50.673Z", 
        "session_data": "ODM3OTQyOTY1Y2VjYjhiZjFiMzM4OGI3NmI3MjFlZWMzZjFjY2Y1Yjp7Il9hdXRoX3VzZXJfYmFja2VuZCI6ImRqYW5nby5jb250cmliLmF1dGguYmFja2VuZHMuTW9kZWxCYWNrZW5kIiwiX2F1dGhfdXNlcl9pZCI6Mn0="
    }
},
{
    "pk": "mpcw771t90gr19wlqvmycsdimgai8zg1", 
    "model": "sessions.session", 
    "fields": {
        "expire_date": "2014-06-26T04:42:38.982Z", 
        "session_data": "ODM3OTQyOTY1Y2VjYjhiZjFiMzM4OGI3NmI3MjFlZWMzZjFjY2Y1Yjp7Il9hdXRoX3VzZXJfYmFja2VuZCI6ImRqYW5nby5jb250cmliLmF1dGguYmFja2VuZHMuTW9kZWxCYWNrZW5kIiwiX2F1dGhfdXNlcl9pZCI6Mn0="
    }
},
{
    "pk": "ozdf4eand0g7z4n0jy6ulmxu007j7kfe", 
    "model": "sessions.session", 
    "fields": {
        "expire_date": "2014-05-20T04:16:01.556Z", 
        "session_data": "MDA0MGY4OTdhOTJjMmRmMTU2MzQ1YzNlMGYyODkzNjk4NWYxNTc4MTp7Il9hdXRoX3VzZXJfYmFja2VuZCI6ImRqYW5nby5jb250cmliLmF1dGguYmFja2VuZHMuTW9kZWxCYWNrZW5kIiwiX2F1dGhfdXNlcl9pZCI6MX0="
    }
},
{
    "pk": "qv1ok9fh7um36485sdmkx32mjxbnzwh8", 
    "model": "sessions.session", 
    "fields": {
        "expire_date": "2014-05-29T12:04:13.376Z", 
        "session_data": "ODM3OTQyOTY1Y2VjYjhiZjFiMzM4OGI3NmI3MjFlZWMzZjFjY2Y1Yjp7Il9hdXRoX3VzZXJfYmFja2VuZCI6ImRqYW5nby5jb250cmliLmF1dGguYmFja2VuZHMuTW9kZWxCYWNrZW5kIiwiX2F1dGhfdXNlcl9pZCI6Mn0="
    }
},
{
    "pk": "s918lz50h08wf5sd8vj4imhhug7qbxfl", 
    "model": "sessions.session", 
    "fields": {
        "expire_date": "2014-05-22T12:42:30.208Z", 
        "session_data": "MWZiNDU1NzRkZWRkYzE0ZmY5MzYxOGQwZmYxOTQwZTdjY2I1MmFjYzp7fQ=="
    }
},
{
    "pk": "tspve089ibdca2hfmrkdmssv4bubkh50", 
    "model": "sessions.session", 
    "fields": {
        "expire_date": "2014-06-08T12:52:35.685Z", 
        "session_data": "ODM3OTQyOTY1Y2VjYjhiZjFiMzM4OGI3NmI3MjFlZWMzZjFjY2Y1Yjp7Il9hdXRoX3VzZXJfYmFja2VuZCI6ImRqYW5nby5jb250cmliLmF1dGguYmFja2VuZHMuTW9kZWxCYWNrZW5kIiwiX2F1dGhfdXNlcl9pZCI6Mn0="
    }
},
{
    "pk": "u90gifbrrw3hlocbeui1l0fdvxp39x8d", 
    "model": "sessions.session", 
    "fields": {
        "expire_date": "2014-06-24T07:27:52.866Z", 
        "session_data": "MWZiNDU1NzRkZWRkYzE0ZmY5MzYxOGQwZmYxOTQwZTdjY2I1MmFjYzp7fQ=="
    }
},
{
    "pk": "zebxfxrmiozmkokbjs40tvvn01v765wj", 
    "model": "sessions.session", 
    "fields": {
        "expire_date": "2014-05-23T00:04:26.816Z", 
        "session_data": "MWZiNDU1NzRkZWRkYzE0ZmY5MzYxOGQwZmYxOTQwZTdjY2I1MmFjYzp7fQ=="
    }
},
{
    "pk": 1, 
    "model": "article.article", 
    "fields": {
        "body": "     \u539f\u672cPythonanywhere\u9810\u8a2d\u7684Django\u7248\u672c\u662f1.3.7\r\n\r\n\u4f7f\u7528\u65b0\u7248\u9700\u8981\u624b\u52d5\u8a2d\u7f6e\u4e00\u5806\u6771\u897fOrz\r\n\r\n\u6e2c\u8a66\u81f3\u6b64\u6642 \u6210\u529f!", 
        "pub_date": "2014-05-08T10:29:52Z", 
        "likes": 28, 
        "title": "Django 1.6.4 \u6b63\u5f0f\u4e0a\u7dda"
    }
},
{
    "pk": 2, 
    "model": "article.article", 
    "fields": {
        "body": "\u76ee\u524d\u53ea\u80fd\u4f7f\u7528\u7ba1\u7406\u8005\u5e33\u865f\u767b\u5165\r\n\r\n\u53cd\u6b63\u4e5f\u6c92\u4ec0\u9ebc\u7279\u5225\u7684XDD\r\n\r\n\u9810\u8a08\u660e\u5929\u624d\u958b\u653e\u8a3b\u518a!", 
        "pub_date": "2014-05-08T13:12:21Z", 
        "likes": 0, 
        "title": "\u4f7f\u7528\u8005\u767b\u5165\u7cfb\u7d71\u5b8c\u6210"
    }
},
{
    "pk": 3, 
    "model": "article.article", 
    "fields": {
        "body": "\u76ee\u524d\u4f7f\u7528\u5167\u5efa\u7684\u5e33\u518a\u9801\u9762  \u770b\u8d77\u4f86\u6709\u9ede\u967d\u6625 \u4f46\u91cd\u9ede\u662f\u4ed6\u6703\u52d5!", 
        "pub_date": "2014-05-08T23:47:52Z", 
        "likes": 0, 
        "title": "\u73fe\u5728\u53ef\u4ee5\u8a3b\u518a\u4e00\u500b\u6703\u54e1\u5e33\u865f"
    }
},
{
    "pk": 4, 
    "model": "article.article", 
    "fields": {
        "body": "\u589e\u52a0\u4e00\u500bemail\u7684\u6b04\u4f4d, \u975e\u5e38\u6709\u610f\u7fa9\u7684\u7a81\u7834, \u8981\u7e7c\u627f\u5167\u5efa\u7684user model\u4e4b\u5f8c\u624d\u80fd\u64f4\u5145\u65b0\u7684\u6771\u897f.  \r\n\r\n\u4e0d\u904e\u6709\u4e86\u9019\u4e00\u5c0f\u6b65, \u5f8c\u9762\u5c31\u80fd\u5927\u6b65\u8d70\u56c9!", 
        "pub_date": "2014-05-15T11:54:57Z", 
        "likes": 0, 
        "title": "\u64f4\u5145\u5167\u5efa\u7684\u6703\u54e1\u5e33\u865f"
    }
},
{
    "pk": 5, 
    "model": "article.article", 
    "fields": {
        "body": "\u5176\u5be6\u4e5f\u4e0d\u662f\u4e00\u500b\u5927\u79d8\u5bc6, \u662f\u8aaa\u73fe\u5728\u5df2\u767b\u5165\u7684\u4f7f\u7528\u8005\u624d\"\u6709\u53ef\u80fd\"\u4f7f\u7528\u7684\u529f\u80fd\r\n\r\n\u70ba\u4ec0\u9ebc\u662f\u6709\u53ef\u80fd\u5462? \u56e0\u70ba\u5fc5\u9808\u8981\u7ba1\u7406\u54e1\u624b\u52d5\u52a0\u5165\u9019\u500b\u6b0a\u9650<--- \u4e0d\u77e5\u9053\u600e\u9ebc\u81ea\u52d5\u7372\u5f97    \r\n\r\n\u5fd8\u4e86\u8aaa\u53ea\u662f\u4e00\u500b\u53ef\u4ee5\u6b23\u66fe\u6587\u7ae0\u7684\u529f\u80fdOrz", 
        "pub_date": "2014-05-24T03:31:07Z", 
        "likes": 0, 
        "title": "\u65b0\u589e\u4e00\u500b\u6703\u54e1\u624d\u6709\u7684\u79d8\u5bc6\u529f\u80fd~"
    }
},
{
    "pk": 6, 
    "model": "article.article", 
    "fields": {
        "body": "\u73fe\u5728\u5df2\u7d93\u53ef\u4ee5\u9078\u64c7\u672c\u6a5f\u7aef\u5716\u7247\u4e26\u4e0a\u50b3\u5230\u7db2\u7ad9\u4e0a, \u7562\u7adf\u6211\u5011\u8981\u505a\u7684\u662f\u8f49\u86cb\u7cfb\u7d71, \u62ff\u5230\u7684\u734e\u54c1\u7576\u7136\u8981\u6709\u5716\u7247\u5566!\r\n\r\n\u984c\u5916\u8a71\u6bcf\u6b21\u5b78\u7fd2\u4e00\u500b\u65b0\u529f\u80fd\u90fd\u8981\u82b1\u597d\u591a\u6642\u9593 \u4e0d\u77e5\u9053\u505a\u4e0d\u505a\u5f97\u5b8c", 
        "pub_date": "2014-05-26T01:24:54Z", 
        "likes": 0, 
        "title": "\u5b8c\u6210\u4e0a\u50b3\u5716\u7247\u529f\u80fd"
    }
},
{
    "pk": 7, 
    "model": "article.article", 
    "fields": {
        "body": "\u6e96\u5099\u958b\u59cb\u505a\u8f49\u86cb\u7684\u7cfb\u7d71\u908f\u8f2f, \u5148\u5099\u4efd\u76ee\u524d\u4e0a\u50b3\u597d\u7684\u5bf5\u7269\u8cc7\u6599", 
        "pub_date": "2014-06-06T03:17:50Z", 
        "likes": 0, 
        "title": "\u7b2c\u4e00\u6b21\u7cfb\u7d71\u5099\u4efd"
    }
},
{
    "pk": 8, 
    "model": "article.article", 
    "fields": {
        "body": "\u76ee\u524d\u53ef\u4ee5\u62bd\u86cb\u56c9! \u800c\u4e14\u6c38\u9060\u90fd\u6703\u62bd\u5230\u9e92\u9e9fXDD \u56e0\u70ba\u9084\u6c92\u52a0\u4e0a\u6a5f\u7387\u7684\u56e0\u7d20  \u8981\u62bd\u8d95\u5feb!?", 
        "pub_date": "2014-06-09T02:09:40Z", 
        "likes": 0, 
        "title": "\u62bd\u86cb\u7cfb\u7d71\u521d\u6b65\u5df2\u5b8c\u6210"
    }
},
{
    "pk": 1, 
    "model": "Cachapon.pet", 
    "fields": {
        "picture": "Cachapon/pictures/Pet912.png", 
        "rare": "\u26056", 
        "name": "\u73fe\u4e16\u7684\u8d64\u9f8d\u559a\u58eb\u30fb\u7d22\u59ae\u4e9e", 
        "attribute": "\u706b/\u6697", 
        "leader_skill": 2, 
        "active_skill": 1, 
        "attack": 1875, 
        "health": 3097, 
        "recover": 165, 
        "icon": "Cachapon/icons/912i.png"
    }
},
{
    "pk": 2, 
    "model": "Cachapon.pet", 
    "fields": {
        "picture": "Cachapon/pictures/Pet495.png", 
        "rare": "6", 
        "name": "\u611b\u8c93\u795e\u30fb\u82ad\u7d72\u7279", 
        "attribute": "\u6728", 
        "leader_skill": 4, 
        "active_skill": 3, 
        "attack": 1107, 
        "health": 3010, 
        "recover": 585, 
        "icon": "Cachapon/icons/495i.png"
    }
},
{
    "pk": 3, 
    "model": "Cachapon.pet", 
    "fields": {
        "picture": "Cachapon/pictures/Pet1218.png", 
        "rare": "7", 
        "name": "\u8056\u714c\u5929\u306e\u9e92\u9e9f\u30fb\u30b5\u30af\u30e4", 
        "attribute": "\u5149", 
        "leader_skill": 6, 
        "active_skill": 5, 
        "attack": 1370, 
        "health": 3528, 
        "recover": 384, 
        "icon": "Cachapon/icons/1218i.png"
    }
},
{
    "pk": 1, 
    "model": "Cachapon.skill", 
    "fields": {
        "info": "\u6240\u6709\u5bf6\u73e0\u8b8a\u5316\u6210\u706b\u3001\u6697\u5bf6\u73e0", 
        "name": "\u7e7c\u754c\u53ec\u9f8d\u9663\u30fb\u706b\u6697"
    }
},
{
    "pk": 2, 
    "model": "Cachapon.skill", 
    "fields": {
        "info": "\u60e1\u9b54\u985e\u5bf5\u7269\u7684\u653b\u64ca\u529b\u548c\u56de\u5fa9\u529b\u8b8a\u70ba2.5\u500d", 
        "name": "\u9b54\u9f8d\u65cf\u7684\u69ae\u8000"
    }
},
{
    "pk": 3, 
    "model": "Cachapon.skill", 
    "fields": {
        "info": "3\u56de\u5408\u5167\uff0c\u6240\u6709\u653b\u64ca\u8f49\u5316\u70ba\u5168\u9ad4\u653b\u64ca", 
        "name": "\u7fa4\u8c93\u5954\u8972"
    }
},
{
    "pk": 4, 
    "model": "Cachapon.skill", 
    "fields": {
        "info": "\u9023\u64ca\u6578\u9054\u52304\u4ee5\u4e0a\u6642\uff0c\u6240\u6709\u5bf5\u7269\u7684\u653b\u64ca\u529b\u8b8a\u70ba2.5\u500d", 
        "name": "\u7fa4\u8c93\u7d44\u5408"
    }
},
{
    "pk": 5, 
    "model": "Cachapon.skill", 
    "fields": {
        "info": "\u6575\u306eHP\u309220\uff05\u6e1b\u3089\u3059", 
        "name": "\u56db\u795e\u4e71\u821e"
    }
},
{
    "pk": 6, 
    "model": "Cachapon.skill", 
    "fields": {
        "info": "\u706b\u3001\u6c34\u3001\u6728\u3001\u5149\u3067\u540c\u6642\u653b\u6483\u3059\u308b\u6642\u3001\u653b\u6483\u529b\u304c5\u500d\u306b\u306a\u308b", 
        "name": "\u56db\u6e90\u306e\u821e"
    }
},
{
    "pk": 1, 
    "model": "Cachapon.prize", 
    "fields": {
        "pet": 3, 
        "weight": 98, 
        "godfest": false
    }
},
{
    "pk": 2, 
    "model": "Cachapon.prize", 
    "fields": {
        "pet": 1, 
        "weight": 99, 
        "godfest": false
    }
},
{
    "pk": 3, 
    "model": "Cachapon.prize", 
    "fields": {
        "pet": 2, 
        "weight": 100, 
        "godfest": false
    }
},
{
    "pk": 1, 
    "model": "auth.permission", 
    "fields": {
        "codename": "add_logentry", 
        "name": "Can add log entry", 
        "content_type": 1
    }
},
{
    "pk": 2, 
    "model": "auth.permission", 
    "fields": {
        "codename": "change_logentry", 
        "name": "Can change log entry", 
        "content_type": 1
    }
},
{
    "pk": 3, 
    "model": "auth.permission", 
    "fields": {
        "codename": "delete_logentry", 
        "name": "Can delete log entry", 
        "content_type": 1
    }
},
{
    "pk": 4, 
    "model": "auth.permission", 
    "fields": {
        "codename": "add_permission", 
        "name": "Can add permission", 
        "content_type": 2
    }
},
{
    "pk": 5, 
    "model": "auth.permission", 
    "fields": {
        "codename": "change_permission", 
        "name": "Can change permission", 
        "content_type": 2
    }
},
{
    "pk": 6, 
    "model": "auth.permission", 
    "fields": {
        "codename": "delete_permission", 
        "name": "Can delete permission", 
        "content_type": 2
    }
},
{
    "pk": 7, 
    "model": "auth.permission", 
    "fields": {
        "codename": "add_group", 
        "name": "Can add group", 
        "content_type": 3
    }
},
{
    "pk": 8, 
    "model": "auth.permission", 
    "fields": {
        "codename": "change_group", 
        "name": "Can change group", 
        "content_type": 3
    }
},
{
    "pk": 9, 
    "model": "auth.permission", 
    "fields": {
        "codename": "delete_group", 
        "name": "Can delete group", 
        "content_type": 3
    }
},
{
    "pk": 10, 
    "model": "auth.permission", 
    "fields": {
        "codename": "add_user", 
        "name": "Can add user", 
        "content_type": 4
    }
},
{
    "pk": 11, 
    "model": "auth.permission", 
    "fields": {
        "codename": "change_user", 
        "name": "Can change user", 
        "content_type": 4
    }
},
{
    "pk": 12, 
    "model": "auth.permission", 
    "fields": {
        "codename": "delete_user", 
        "name": "Can delete user", 
        "content_type": 4
    }
},
{
    "pk": 13, 
    "model": "auth.permission", 
    "fields": {
        "codename": "add_contenttype", 
        "name": "Can add content type", 
        "content_type": 5
    }
},
{
    "pk": 14, 
    "model": "auth.permission", 
    "fields": {
        "codename": "change_contenttype", 
        "name": "Can change content type", 
        "content_type": 5
    }
},
{
    "pk": 15, 
    "model": "auth.permission", 
    "fields": {
        "codename": "delete_contenttype", 
        "name": "Can delete content type", 
        "content_type": 5
    }
},
{
    "pk": 16, 
    "model": "auth.permission", 
    "fields": {
        "codename": "add_session", 
        "name": "Can add session", 
        "content_type": 6
    }
},
{
    "pk": 17, 
    "model": "auth.permission", 
    "fields": {
        "codename": "change_session", 
        "name": "Can change session", 
        "content_type": 6
    }
},
{
    "pk": 18, 
    "model": "auth.permission", 
    "fields": {
        "codename": "delete_session", 
        "name": "Can delete session", 
        "content_type": 6
    }
},
{
    "pk": 19, 
    "model": "auth.permission", 
    "fields": {
        "codename": "add_article", 
        "name": "Can add article", 
        "content_type": 7
    }
},
{
    "pk": 20, 
    "model": "auth.permission", 
    "fields": {
        "codename": "change_article", 
        "name": "Can change article", 
        "content_type": 7
    }
},
{
    "pk": 21, 
    "model": "auth.permission", 
    "fields": {
        "codename": "delete_article", 
        "name": "Can delete article", 
        "content_type": 7
    }
},
{
    "pk": 25, 
    "model": "auth.permission", 
    "fields": {
        "codename": "add_pet", 
        "name": "Can add pet", 
        "content_type": 9
    }
},
{
    "pk": 26, 
    "model": "auth.permission", 
    "fields": {
        "codename": "change_pet", 
        "name": "Can change pet", 
        "content_type": 9
    }
},
{
    "pk": 27, 
    "model": "auth.permission", 
    "fields": {
        "codename": "delete_pet", 
        "name": "Can delete pet", 
        "content_type": 9
    }
},
{
    "pk": 28, 
    "model": "auth.permission", 
    "fields": {
        "codename": "add_skill", 
        "name": "Can add skill", 
        "content_type": 10
    }
},
{
    "pk": 29, 
    "model": "auth.permission", 
    "fields": {
        "codename": "change_skill", 
        "name": "Can change skill", 
        "content_type": 10
    }
},
{
    "pk": 30, 
    "model": "auth.permission", 
    "fields": {
        "codename": "delete_skill", 
        "name": "Can delete skill", 
        "content_type": 10
    }
},
{
    "pk": 31, 
    "model": "auth.permission", 
    "fields": {
        "codename": "add_record", 
        "name": "Can add record", 
        "content_type": 11
    }
},
{
    "pk": 32, 
    "model": "auth.permission", 
    "fields": {
        "codename": "change_record", 
        "name": "Can change record", 
        "content_type": 11
    }
},
{
    "pk": 33, 
    "model": "auth.permission", 
    "fields": {
        "codename": "delete_record", 
        "name": "Can delete record", 
        "content_type": 11
    }
},
{
    "pk": 37, 
    "model": "auth.permission", 
    "fields": {
        "codename": "add_prize", 
        "name": "Can add prize", 
        "content_type": 13
    }
},
{
    "pk": 38, 
    "model": "auth.permission", 
    "fields": {
        "codename": "change_prize", 
        "name": "Can change prize", 
        "content_type": 13
    }
},
{
    "pk": 39, 
    "model": "auth.permission", 
    "fields": {
        "codename": "delete_prize", 
        "name": "Can delete prize", 
        "content_type": 13
    }
},
{
    "pk": 40, 
    "model": "auth.permission", 
    "fields": {
        "codename": "add_profile", 
        "name": "Can add profile", 
        "content_type": 14
    }
},
{
    "pk": 41, 
    "model": "auth.permission", 
    "fields": {
        "codename": "change_profile", 
        "name": "Can change profile", 
        "content_type": 14
    }
},
{
    "pk": 42, 
    "model": "auth.permission", 
    "fields": {
        "codename": "delete_profile", 
        "name": "Can delete profile", 
        "content_type": 14
    }
},
{
    "pk": 2, 
    "model": "auth.user", 
    "fields": {
        "username": "ruinedstar", 
        "first_name": "", 
        "last_name": "", 
        "is_active": true, 
        "is_superuser": true, 
        "is_staff": true, 
        "last_login": "2014-06-12T12:12:57.197Z", 
        "groups": [], 
        "user_permissions": [], 
        "password": "pbkdf2_sha256$12000$QPeUWFD1YcUz$qLdv7F5409YNXGg/EiOrCEamr4WrsH99xAuLguMULeM=", 
        "email": "arthurx94@gmail.com", 
        "date_joined": "2014-05-08T13:51:54.859Z"
    }
},
{
    "pk": 6, 
    "model": "auth.user", 
    "fields": {
        "username": "team9", 
        "first_name": "", 
        "last_name": "", 
        "is_active": true, 
        "is_superuser": false, 
        "is_staff": true, 
        "last_login": "2014-06-12T02:21:15.023Z", 
        "groups": [], 
        "user_permissions": [
            25, 
            26, 
            27, 
            37, 
            38, 
            39, 
            28, 
            29, 
            30
        ], 
        "password": "pbkdf2_sha256$12000$8wHE2Mx4NeuP$7aUZNFIb8gquEqe/7lvtNzCPB/uY+ESEv6/sccOTII4=", 
        "email": "", 
        "date_joined": "2014-05-31T05:47:06Z"
    }
},
{
    "pk": 7, 
    "model": "auth.user", 
    "fields": {
        "username": "123", 
        "first_name": "", 
        "last_name": "", 
        "is_active": true, 
        "is_superuser": false, 
        "is_staff": false, 
        "last_login": "2014-06-12T12:10:00.558Z", 
        "groups": [], 
        "user_permissions": [], 
        "password": "pbkdf2_sha256$12000$PxlTsjE6tOJw$CGlMZDozGsQ1xbIrZi+Yzb5U7UbzcVm4k/Ai5+89sXg=", 
        "email": "123@test.com", 
        "date_joined": "2014-06-12T12:09:46.260Z"
    }
},
{
    "pk": 1, 
    "model": "Cachapon.record", 
    "fields": {
        "pet": 1, 
        "player": 2, 
        "date": "2014-06-07"
    }
},
{
    "pk": 2, 
    "model": "Cachapon.record", 
    "fields": {
        "pet": 1, 
        "player": 2, 
        "date": "2014-06-08"
    }
},
{
    "pk": 3, 
    "model": "Cachapon.record", 
    "fields": {
        "pet": 1, 
        "player": 2, 
        "date": "2014-06-08"
    }
},
{
    "pk": 4, 
    "model": "Cachapon.record", 
    "fields": {
        "pet": 3, 
        "player": 2, 
        "date": "2014-06-09"
    }
},
{
    "pk": 5, 
    "model": "Cachapon.record", 
    "fields": {
        "pet": 2, 
        "player": 2, 
        "date": "2014-06-10"
    }
},
{
    "pk": 6, 
    "model": "Cachapon.record", 
    "fields": {
        "pet": 3, 
        "player": 2, 
        "date": "2014-06-10"
    }
},
{
    "pk": 7, 
    "model": "Cachapon.record", 
    "fields": {
        "pet": 1, 
        "player": 2, 
        "date": "2014-06-10"
    }
},
{
    "pk": 8, 
    "model": "Cachapon.record", 
    "fields": {
        "pet": 3, 
        "player": 2, 
        "date": "2014-06-10"
    }
},
{
    "pk": 9, 
    "model": "Cachapon.record", 
    "fields": {
        "pet": 1, 
        "player": 2, 
        "date": "2014-06-10"
    }
},
{
    "pk": 10, 
    "model": "Cachapon.record", 
    "fields": {
        "pet": 1, 
        "player": 2, 
        "date": "2014-06-10"
    }
},
{
    "pk": 11, 
    "model": "Cachapon.record", 
    "fields": {
        "pet": 3, 
        "player": 2, 
        "date": "2014-06-12"
    }
},
{
    "pk": 12, 
    "model": "Cachapon.record", 
    "fields": {
        "pet": 3, 
        "player": 2, 
        "date": "2014-06-12"
    }
},
{
    "pk": 13, 
    "model": "Cachapon.record", 
    "fields": {
        "pet": 3, 
        "player": 2, 
        "date": "2014-06-12"
    }
},
{
    "pk": 14, 
    "model": "Cachapon.record", 
    "fields": {
        "pet": 3, 
        "player": 2, 
        "date": "2014-06-12"
    }
},
{
    "pk": 1, 
    "model": "Cachapon.profile", 
    "fields": {
        "user": 2, 
        "cash": 50
    }
},
{
    "pk": 2, 
    "model": "Cachapon.profile", 
    "fields": {
        "user": 6, 
        "cash": 50
    }
},
{
    "pk": 3, 
    "model": "Cachapon.profile", 
    "fields": {
        "user": 7, 
        "cash": 50
    }
},
{
    "pk": 1, 
    "model": "admin.logentry", 
    "fields": {
        "action_flag": 3, 
        "action_time": "2014-05-08T10:29:44.190Z", 
        "object_repr": "test 3", 
        "object_id": "3", 
        "change_message": "", 
        "user": 2, 
        "content_type": 7
    }
},
{
    "pk": 2, 
    "model": "admin.logentry", 
    "fields": {
        "action_flag": 3, 
        "action_time": "2014-05-08T10:29:44.251Z", 
        "object_repr": "test 2", 
        "object_id": "2", 
        "change_message": "", 
        "user": 2, 
        "content_type": 7
    }
},
{
    "pk": 3, 
    "model": "admin.logentry", 
    "fields": {
        "action_flag": 3, 
        "action_time": "2014-05-08T10:29:44.276Z", 
        "object_repr": "test 1", 
        "object_id": "1", 
        "change_message": "", 
        "user": 2, 
        "content_type": 7
    }
},
{
    "pk": 4, 
    "model": "admin.logentry", 
    "fields": {
        "action_flag": 1, 
        "action_time": "2014-05-08T10:34:00.444Z", 
        "object_repr": "\u5c07Django 1.6.4 \u6b63\u5f0f\u4e0a\u7dda", 
        "object_id": "1", 
        "change_message": "", 
        "user": 2, 
        "content_type": 7
    }
},
{
    "pk": 5, 
    "model": "admin.logentry", 
    "fields": {
        "action_flag": 2, 
        "action_time": "2014-05-08T10:39:31.487Z", 
        "object_repr": "Django 1.6.4 \u6b63\u5f0f\u4e0a\u7dda", 
        "object_id": "1", 
        "change_message": "title \u548c body \u5df2\u8b8a\u66f4\u3002", 
        "user": 2, 
        "content_type": 7
    }
},
{
    "pk": 6, 
    "model": "admin.logentry", 
    "fields": {
        "action_flag": 1, 
        "action_time": "2014-05-08T13:12:23.965Z", 
        "object_repr": "\u4f7f\u7528\u8005\u767b\u5165\u7cfb\u7d71\u4e0a\u7dda\u5566", 
        "object_id": "2", 
        "change_message": "", 
        "user": 2, 
        "content_type": 7
    }
},
{
    "pk": 7, 
    "model": "admin.logentry", 
    "fields": {
        "action_flag": 3, 
        "action_time": "2014-05-08T23:45:30.206Z", 
        "object_repr": "arthur", 
        "object_id": "1", 
        "change_message": "", 
        "user": 2, 
        "content_type": 4
    }
},
{
    "pk": 8, 
    "model": "admin.logentry", 
    "fields": {
        "action_flag": 1, 
        "action_time": "2014-05-08T23:48:01.939Z", 
        "object_repr": "\u73fe\u5728\u53ef\u4ee5\u8a3b\u518a\u4e00\u500b\u6703\u54e1\u5e33\u865f", 
        "object_id": "3", 
        "change_message": "", 
        "user": 2, 
        "content_type": 7
    }
},
{
    "pk": 9, 
    "model": "admin.logentry", 
    "fields": {
        "action_flag": 2, 
        "action_time": "2014-05-24T02:03:33.751Z", 
        "object_repr": "\u4f7f\u7528\u8005\u767b\u5165\u7cfb\u7d71\u5b8c\u6210", 
        "object_id": "2", 
        "change_message": "title \u5df2\u8b8a\u66f4\u3002", 
        "user": 2, 
        "content_type": 7
    }
},
{
    "pk": 19, 
    "model": "admin.logentry", 
    "fields": {
        "action_flag": 1, 
        "action_time": "2014-05-31T02:46:35.225Z", 
        "object_repr": "\u8349\u8393\u5712\u7684\u5c0f\u8349\u8393", 
        "object_id": "1", 
        "change_message": "", 
        "user": 2, 
        "content_type": 9
    }
},
{
    "pk": 20, 
    "model": "admin.logentry", 
    "fields": {
        "action_flag": 2, 
        "action_time": "2014-05-31T02:46:43.625Z", 
        "object_repr": "\u97ff\u594f\u611b\u8c93\u795e\u30fb\u82ad\u7d72\u7279", 
        "object_id": "1", 
        "change_message": "name \u5df2\u8b8a\u66f4\u3002", 
        "user": 2, 
        "content_type": 9
    }
},
{
    "pk": 21, 
    "model": "admin.logentry", 
    "fields": {
        "action_flag": 1, 
        "action_time": "2014-05-31T04:57:47.684Z", 
        "object_repr": "n", 
        "object_id": "1", 
        "change_message": "", 
        "user": 2, 
        "content_type": 10
    }
},
{
    "pk": 22, 
    "model": "admin.logentry", 
    "fields": {
        "action_flag": 3, 
        "action_time": "2014-05-31T05:11:22.210Z", 
        "object_repr": "n", 
        "object_id": "1", 
        "change_message": "", 
        "user": 2, 
        "content_type": 10
    }
},
{
    "pk": 23, 
    "model": "admin.logentry", 
    "fields": {
        "action_flag": 1, 
        "action_time": "2014-05-31T05:13:31.303Z", 
        "object_repr": "\u7e7c\u754c\u53ec\u9f8d\u9663\u30fb\u706b\u6697", 
        "object_id": "1", 
        "change_message": "", 
        "user": 2, 
        "content_type": 10
    }
},
{
    "pk": 24, 
    "model": "admin.logentry", 
    "fields": {
        "action_flag": 1, 
        "action_time": "2014-05-31T05:13:59.270Z", 
        "object_repr": "\u9b54\u9f8d\u65cf\u7684\u69ae\u8000", 
        "object_id": "2", 
        "change_message": "", 
        "user": 2, 
        "content_type": 10
    }
},
{
    "pk": 25, 
    "model": "admin.logentry", 
    "fields": {
        "action_flag": 1, 
        "action_time": "2014-05-31T05:16:11.551Z", 
        "object_repr": "\u73fe\u4e16\u7684\u8d64\u9f8d\u559a\u58eb\u30fb\u7d22\u59ae", 
        "object_id": "1", 
        "change_message": "", 
        "user": 2, 
        "content_type": 9
    }
},
{
    "pk": 26, 
    "model": "admin.logentry", 
    "fields": {
        "action_flag": 2, 
        "action_time": "2014-05-31T05:19:22.361Z", 
        "object_repr": "\u73fe\u4e16\u7684\u8d64\u9f8d\u559a\u58eb\u30fb\u7d22\u59ae\u4e9e", 
        "object_id": "1", 
        "change_message": "name \u5df2\u8b8a\u66f4\u3002", 
        "user": 2, 
        "content_type": 9
    }
},
{
    "pk": 27, 
    "model": "admin.logentry", 
    "fields": {
        "action_flag": 1, 
        "action_time": "2014-05-31T05:47:06.369Z", 
        "object_repr": "team9", 
        "object_id": "6", 
        "change_message": "", 
        "user": 2, 
        "content_type": 4
    }
},
{
    "pk": 28, 
    "model": "admin.logentry", 
    "fields": {
        "action_flag": 2, 
        "action_time": "2014-05-31T05:47:41.923Z", 
        "object_repr": "team9", 
        "object_id": "6", 
        "change_message": "user_permissions \u5df2\u8b8a\u66f4\u3002", 
        "user": 2, 
        "content_type": 4
    }
},
{
    "pk": 29, 
    "model": "admin.logentry", 
    "fields": {
        "action_flag": 2, 
        "action_time": "2014-05-31T05:47:55.813Z", 
        "object_repr": "team9", 
        "object_id": "6", 
        "change_message": "is_staff \u5df2\u8b8a\u66f4\u3002", 
        "user": 2, 
        "content_type": 4
    }
},
{
    "pk": 30, 
    "model": "admin.logentry", 
    "fields": {
        "action_flag": 3, 
        "action_time": "2014-05-31T05:48:04.551Z", 
        "object_repr": "1", 
        "object_id": "5", 
        "change_message": "", 
        "user": 2, 
        "content_type": 4
    }
},
{
    "pk": 31, 
    "model": "admin.logentry", 
    "fields": {
        "action_flag": 3, 
        "action_time": "2014-05-31T05:48:04.579Z", 
        "object_repr": "abc", 
        "object_id": "3", 
        "change_message": "", 
        "user": 2, 
        "content_type": 4
    }
},
{
    "pk": 32, 
    "model": "admin.logentry", 
    "fields": {
        "action_flag": 3, 
        "action_time": "2014-05-31T05:48:04.605Z", 
        "object_repr": "fff", 
        "object_id": "4", 
        "change_message": "", 
        "user": 2, 
        "content_type": 4
    }
},
{
    "pk": 33, 
    "model": "admin.logentry", 
    "fields": {
        "action_flag": 1, 
        "action_time": "2014-05-31T09:29:47.272Z", 
        "object_repr": "\u7fa4\u8c93\u5954\u8972", 
        "object_id": "3", 
        "change_message": "", 
        "user": 6, 
        "content_type": 10
    }
},
{
    "pk": 34, 
    "model": "admin.logentry", 
    "fields": {
        "action_flag": 1, 
        "action_time": "2014-05-31T09:30:02.291Z", 
        "object_repr": "\u7fa4\u8c93\u7d44\u5408", 
        "object_id": "4", 
        "change_message": "", 
        "user": 6, 
        "content_type": 10
    }
},
{
    "pk": 35, 
    "model": "admin.logentry", 
    "fields": {
        "action_flag": 1, 
        "action_time": "2014-05-31T09:30:27.264Z", 
        "object_repr": "\u611b\u8c93\u795e\u30fb\u82ad\u7d72\u7279", 
        "object_id": "2", 
        "change_message": "", 
        "user": 6, 
        "content_type": 9
    }
},
{
    "pk": 36, 
    "model": "admin.logentry", 
    "fields": {
        "action_flag": 1, 
        "action_time": "2014-05-31T12:58:14.098Z", 
        "object_repr": "\u56db\u795e\u4e82\u821e", 
        "object_id": "5", 
        "change_message": "", 
        "user": 6, 
        "content_type": 10
    }
},
{
    "pk": 37, 
    "model": "admin.logentry", 
    "fields": {
        "action_flag": 1, 
        "action_time": "2014-05-31T12:58:37.339Z", 
        "object_repr": "\u56db\u6e90\u4e4b\u821e", 
        "object_id": "6", 
        "change_message": "", 
        "user": 6, 
        "content_type": 10
    }
},
{
    "pk": 38, 
    "model": "admin.logentry", 
    "fields": {
        "action_flag": 1, 
        "action_time": "2014-05-31T12:58:48.418Z", 
        "object_repr": "\u8056\u714c\u5929\u306e\u9e92\u9e9f\u30fb\u30b5\u30af\u30e4", 
        "object_id": "3", 
        "change_message": "", 
        "user": 6, 
        "content_type": 9
    }
},
{
    "pk": 39, 
    "model": "admin.logentry", 
    "fields": {
        "action_flag": 2, 
        "action_time": "2014-06-05T05:27:25.494Z", 
        "object_repr": "\u56db\u6e90\u306e\u821e", 
        "object_id": "6", 
        "change_message": "name \u548c info \u5df2\u8b8a\u66f4\u3002", 
        "user": 6, 
        "content_type": 10
    }
},
{
    "pk": 40, 
    "model": "admin.logentry", 
    "fields": {
        "action_flag": 2, 
        "action_time": "2014-06-05T05:28:18.792Z", 
        "object_repr": "\u56db\u795e\u4e71\u821e", 
        "object_id": "5", 
        "change_message": "name \u548c info \u5df2\u8b8a\u66f4\u3002", 
        "user": 6, 
        "content_type": 10
    }
},
{
    "pk": 41, 
    "model": "admin.logentry", 
    "fields": {
        "action_flag": 3, 
        "action_time": "2014-06-06T04:47:35.399Z", 
        "object_repr": "test", 
        "object_id": "7", 
        "change_message": "", 
        "user": 2, 
        "content_type": 10
    }
},
{
    "pk": 42, 
    "model": "admin.logentry", 
    "fields": {
        "action_flag": 1, 
        "action_time": "2014-06-07T10:22:23.593Z", 
        "object_repr": "abc", 
        "object_id": "7", 
        "change_message": "", 
        "user": 2, 
        "content_type": 4
    }
},
{
    "pk": 43, 
    "model": "admin.logentry", 
    "fields": {
        "action_flag": 3, 
        "action_time": "2014-06-07T10:23:20.779Z", 
        "object_repr": "abc", 
        "object_id": "7", 
        "change_message": "", 
        "user": 2, 
        "content_type": 4
    }
},
{
    "pk": 44, 
    "model": "admin.logentry", 
    "fields": {
        "action_flag": 1, 
        "action_time": "2014-06-07T10:38:23.795Z", 
        "object_repr": "ruinedstar: \u73fe\u4e16\u7684\u8d64\u9f8d\u559a\u58eb\u30fb\u7d22\u59ae\u4e9e", 
        "object_id": "1", 
        "change_message": "", 
        "user": 2, 
        "content_type": 11
    }
},
{
    "pk": 45, 
    "model": "admin.logentry", 
    "fields": {
        "action_flag": 1, 
        "action_time": "2014-06-07T10:53:07.328Z", 
        "object_repr": "\u64f4\u5145\u5167\u5efa\u7684\u6703\u54e1\u5e33\u865f", 
        "object_id": "4", 
        "change_message": "", 
        "user": 2, 
        "content_type": 7
    }
},
{
    "pk": 46, 
    "model": "admin.logentry", 
    "fields": {
        "action_flag": 1, 
        "action_time": "2014-06-07T11:10:30.672Z", 
        "object_repr": "\u65b0\u589e\u4e00\u500b\u6703\u54e1\u624d\u6709\u7684\u79d8\u5bc6\u529f\u80fd~", 
        "object_id": "5", 
        "change_message": "", 
        "user": 2, 
        "content_type": 7
    }
},
{
    "pk": 47, 
    "model": "admin.logentry", 
    "fields": {
        "action_flag": 1, 
        "action_time": "2014-06-07T11:26:53.640Z", 
        "object_repr": "\u5b8c\u6210\u4e0a\u50b3\u5716\u7247\u529f\u80fd", 
        "object_id": "6", 
        "change_message": "", 
        "user": 2, 
        "content_type": 7
    }
},
{
    "pk": 48, 
    "model": "admin.logentry", 
    "fields": {
        "action_flag": 1, 
        "action_time": "2014-06-07T11:28:29.139Z", 
        "object_repr": "\u7b2c\u4e00\u6b21\u7cfb\u7d71\u5099\u4efd", 
        "object_id": "7", 
        "change_message": "", 
        "user": 2, 
        "content_type": 7
    }
},
{
    "pk": 49, 
    "model": "admin.logentry", 
    "fields": {
        "action_flag": 3, 
        "action_time": "2014-06-07T11:37:43.662Z", 
        "object_repr": "123", 
        "object_id": "7", 
        "change_message": "", 
        "user": 2, 
        "content_type": 4
    }
},
{
    "pk": 50, 
    "model": "admin.logentry", 
    "fields": {
        "action_flag": 1, 
        "action_time": "2014-06-08T07:31:51.138Z", 
        "object_repr": "ruinedstar: \u73fe\u4e16\u7684\u8d64\u9f8d\u559a\u58eb\u30fb\u7d22\u59ae\u4e9e", 
        "object_id": "2", 
        "change_message": "", 
        "user": 2, 
        "content_type": 11
    }
},
{
    "pk": 51, 
    "model": "admin.logentry", 
    "fields": {
        "action_flag": 1, 
        "action_time": "2014-06-08T07:31:58.412Z", 
        "object_repr": "ruinedstar: \u73fe\u4e16\u7684\u8d64\u9f8d\u559a\u58eb\u30fb\u7d22\u59ae\u4e9e", 
        "object_id": "3", 
        "change_message": "", 
        "user": 2, 
        "content_type": 11
    }
},
{
    "pk": 53, 
    "model": "admin.logentry", 
    "fields": {
        "action_flag": 1, 
        "action_time": "2014-06-09T02:07:40.950Z", 
        "object_repr": "Prize object", 
        "object_id": "1", 
        "change_message": "", 
        "user": 2, 
        "content_type": 13
    }
},
{
    "pk": 54, 
    "model": "admin.logentry", 
    "fields": {
        "action_flag": 1, 
        "action_time": "2014-06-09T02:10:04.460Z", 
        "object_repr": "\u62bd\u86cb\u7cfb\u7d71\u521d\u6b65\u5df2\u5b8c\u6210", 
        "object_id": "8", 
        "change_message": "", 
        "user": 2, 
        "content_type": 7
    }
},
{
    "pk": 55, 
    "model": "admin.logentry", 
    "fields": {
        "action_flag": 1, 
        "action_time": "2014-06-10T02:19:48.541Z", 
        "object_repr": "ruinedstar : \u611b\u8c93\u795e\u30fb\u82ad\u7d72\u7279", 
        "object_id": "5", 
        "change_message": "", 
        "user": 2, 
        "content_type": 11
    }
},
{
    "pk": 56, 
    "model": "admin.logentry", 
    "fields": {
        "action_flag": 1, 
        "action_time": "2014-06-10T02:19:54.983Z", 
        "object_repr": "ruinedstar : \u8056\u714c\u5929\u306e\u9e92\u9e9f\u30fb\u30b5\u30af\u30e4", 
        "object_id": "6", 
        "change_message": "", 
        "user": 2, 
        "content_type": 11
    }
},
{
    "pk": 57, 
    "model": "admin.logentry", 
    "fields": {
        "action_flag": 1, 
        "action_time": "2014-06-10T02:19:58.799Z", 
        "object_repr": "ruinedstar : \u73fe\u4e16\u7684\u8d64\u9f8d\u559a\u58eb\u30fb\u7d22\u59ae\u4e9e", 
        "object_id": "7", 
        "change_message": "", 
        "user": 2, 
        "content_type": 11
    }
},
{
    "pk": 58, 
    "model": "admin.logentry", 
    "fields": {
        "action_flag": 1, 
        "action_time": "2014-06-10T02:20:03.075Z", 
        "object_repr": "ruinedstar : \u8056\u714c\u5929\u306e\u9e92\u9e9f\u30fb\u30b5\u30af\u30e4", 
        "object_id": "8", 
        "change_message": "", 
        "user": 2, 
        "content_type": 11
    }
},
{
    "pk": 59, 
    "model": "admin.logentry", 
    "fields": {
        "action_flag": 1, 
        "action_time": "2014-06-10T02:20:07.066Z", 
        "object_repr": "ruinedstar : \u73fe\u4e16\u7684\u8d64\u9f8d\u559a\u58eb\u30fb\u7d22\u59ae\u4e9e", 
        "object_id": "9", 
        "change_message": "", 
        "user": 2, 
        "content_type": 11
    }
},
{
    "pk": 60, 
    "model": "admin.logentry", 
    "fields": {
        "action_flag": 1, 
        "action_time": "2014-06-10T02:20:11.281Z", 
        "object_repr": "ruinedstar : \u73fe\u4e16\u7684\u8d64\u9f8d\u559a\u58eb\u30fb\u7d22\u59ae\u4e9e", 
        "object_id": "10", 
        "change_message": "", 
        "user": 2, 
        "content_type": 11
    }
},
{
    "pk": 61, 
    "model": "admin.logentry", 
    "fields": {
        "action_flag": 2, 
        "action_time": "2014-06-10T13:57:14.855Z", 
        "object_repr": "team9", 
        "object_id": "6", 
        "change_message": "Changed user_permissions.", 
        "user": 2, 
        "content_type": 4
    }
},
{
    "pk": 62, 
    "model": "admin.logentry", 
    "fields": {
        "action_flag": 1, 
        "action_time": "2014-06-12T11:54:04.768Z", 
        "object_repr": "Profile object", 
        "object_id": "1", 
        "change_message": "", 
        "user": 2, 
        "content_type": 14
    }
},
{
    "pk": 63, 
    "model": "admin.logentry", 
    "fields": {
        "action_flag": 1, 
        "action_time": "2014-06-12T11:54:09.691Z", 
        "object_repr": "Profile object", 
        "object_id": "2", 
        "change_message": "", 
        "user": 2, 
        "content_type": 14
    }
},
{
    "pk": 64, 
    "model": "admin.logentry", 
    "fields": {
        "action_flag": 1, 
        "action_time": "2014-06-12T12:13:08.648Z", 
        "object_repr": "\u8056\u714c\u5929\u306e\u9e92\u9e9f\u30fb\u30b5\u30af\u30e4 : 100", 
        "object_id": "1", 
        "change_message": "", 
        "user": 2, 
        "content_type": 13
    }
},
{
    "pk": 65, 
    "model": "admin.logentry", 
    "fields": {
        "action_flag": 1, 
        "action_time": "2014-06-12T13:36:09.884Z", 
        "object_repr": "\u73fe\u4e16\u7684\u8d64\u9f8d\u559a\u58eb\u30fb\u7d22\u59ae\u4e9e : 100", 
        "object_id": "2", 
        "change_message": "", 
        "user": 2, 
        "content_type": 13
    }
},
{
    "pk": 66, 
    "model": "admin.logentry", 
    "fields": {
        "action_flag": 1, 
        "action_time": "2014-06-12T13:36:14.427Z", 
        "object_repr": "\u611b\u8c93\u795e\u30fb\u82ad\u7d72\u7279 : 100", 
        "object_id": "3", 
        "change_message": "", 
        "user": 2, 
        "content_type": 13
    }
},
{
    "pk": 67, 
    "model": "admin.logentry", 
    "fields": {
        "action_flag": 1, 
        "action_time": "2014-06-12T13:36:21.692Z", 
        "object_repr": "\u73fe\u4e16\u7684\u8d64\u9f8d\u559a\u58eb\u30fb\u7d22\u59ae\u4e9e : 100", 
        "object_id": "4", 
        "change_message": "", 
        "user": 2, 
        "content_type": 13
    }
},
{
    "pk": 68, 
    "model": "admin.logentry", 
    "fields": {
        "action_flag": 3, 
        "action_time": "2014-06-12T13:36:29.146Z", 
        "object_repr": "\u73fe\u4e16\u7684\u8d64\u9f8d\u559a\u58eb\u30fb\u7d22\u59ae\u4e9e : 100", 
        "object_id": "4", 
        "change_message": "", 
        "user": 2, 
        "content_type": 13
    }
},
{
    "pk": 69, 
    "model": "admin.logentry", 
    "fields": {
        "action_flag": 2, 
        "action_time": "2014-06-12T13:37:08.741Z", 
        "object_repr": "\u73fe\u4e16\u7684\u8d64\u9f8d\u559a\u58eb\u30fb\u7d22\u59ae\u4e9e : 99", 
        "object_id": "2", 
        "change_message": "Changed weight.", 
        "user": 2, 
        "content_type": 13
    }
},
{
    "pk": 70, 
    "model": "admin.logentry", 
    "fields": {
        "action_flag": 2, 
        "action_time": "2014-06-12T13:37:13.185Z", 
        "object_repr": "\u8056\u714c\u5929\u306e\u9e92\u9e9f\u30fb\u30b5\u30af\u30e4 : 98", 
        "object_id": "1", 
        "change_message": "Changed weight and godfest.", 
        "user": 2, 
        "content_type": 13
    }
}
]
